USGS_Station_Number,Year,suspended_sediment_yield_pounds_per_acre,total_nitrogen_yield_pounds_per_acre,total_phosphorus_unfiltered_yield_pounds_per_acre,Sediment_kg_ha_yr,N_kg_ha_yr,P_kg_ha_yr,State,Area,Site_Type
USGS-0408544206,2004.0,0.1429,0.0379,0.005041,0.16016946499999998,0.042480215,0.00565020485,WI,17.6,Surface
USGS-0408544206,2005.0,233.798235,3.4665957,0.44197631000000004,262.05275169975,3.885533790345,0.4953891470635,WI,17.6,Surface
USGS-0408544206,2006.0,4909.61462,18.350003,7.0113068,5502.941546827,20.567600862549998,7.858623226779999,WI,17.6,Surface
USGS-0408544207,2004.0,0.00917,0.00413,0.000869,0.010278194499999999,0.004629110499999999,0.0009740186499999999,WI,495.0,Surface
USGS-0408544207,2005.0,10.1157,1.38327,0.27999399999999997,11.338182345,1.5504381795,0.31383127489999996,WI,495.0,Surface
USGS-0408544207,2006.0,126.272555,4.2490912,0.55393113,141.53259327175,4.762593871519999,0.6208737070605,WI,495.0,Surface
USGS-0408544207,2007.0,3.8617211,0.8194277,0.07602684999999999,4.328410094934999,0.9184555375449999,0.08521469482249998,WI,495.0,Surface
USGS-0408544209,2005.0,7.164094,2.6970959999999997,0.5963959999999999,8.0298747599,3.0230400515999993,0.6684704565999998,WI,641.0,Surface
USGS-0408544209,2006.0,24.33186,3.128764,0.812061,27.272365280999995,3.5068751293999996,0.91019857185,WI,641.0,Surface
USGS-0414826503,2015.0,4.66923,1.94943,0.035817,5.233506445499999,2.1850186154999998,0.04014548445,MI,10.3,Tile
USGS-0414826503,2016.0,103.984469,21.0455,1.0222534699999999,116.55099207865,23.588848674999998,1.1457928018494998,MI,10.3,Tile
USGS-0414826503,2017.0,305.88147399999997,14.814497000000001,1.04260704,342.84725013289994,16.60482896245,1.1686061007839998,MI,10.3,Tile
USGS-0414826503,2018.0,73.15790199999999,13.820169,0.3362461,81.99903445669999,15.490336423649998,0.37688144118499994,MI,10.3,Tile
USGS-0414826503,2019.0,113.5077237,13.795084,0.52206553,127.225132109145,15.462219901399997,0.5851571493005,MI,10.3,Tile
USGS-0414826503,2020.0,70.07838,4.567764,0.3214188,78.54735222299999,5.1197782794,0.36026226198,MI,10.3,Tile
USGS-0414826503,2021.0,62.11299,7.05591,0.2161826,69.6193448415,7.908616723499999,0.24230826720999998,MI,10.3,Tile
USGS-0414826504,2015.0,4.1899999999999995,0.01567,0.004837,4.696361499999999,0.017563719499999998,0.00542155145,MI,10.3,Surface
USGS-0414826504,2016.0,16.855,0.28264,0.050006999999999996,18.89192675,0.31679704399999997,0.05605034594999999,MI,10.3,Surface
USGS-0414826504,2017.0,309.029,4.30467,1.111972,346.37515464999996,4.824889369499999,1.2463538161999999,MI,10.3,Surface
USGS-0414826504,2018.0,53.72480000000001,1.43826,0.186013,60.217442080000005,1.612073721,0.20849267105,MI,10.3,Surface
USGS-0414826504,2019.0,114.37790000000001,2.297351,0.426948,128.200469215,2.5749858683499998,0.47854466579999994,MI,10.3,Surface
USGS-0414826504,2020.0,130.3432,1.424826,0.409509,146.09517572,1.5970162220999997,0.45899816265,MI,10.3,Surface
USGS-0414826504,2021.0,97.595,1.3481,0.22028,109.38935575,1.511017885,0.24690083799999998,MI,10.3,Surface
USGS-0414826544,2012.0,83.2,0.645,0.131,93.25471999999999,0.72294825,0.14683135,MI,149.8,Surface
USGS-0414826544,2013.0,125.0567,3.3446599999999997,0.3221734,140.169802195,3.7488621609999995,0.36110805538999996,MI,149.8,Surface
USGS-0414826544,2014.0,275.778503,2.11550086,0.4539005,309.10633508754995,2.371159138931,0.5087543754249999,MI,149.8,Surface
USGS-0414826544,2015.0,122.802,4.1233,0.2582,137.6426217,4.621600805,0.28940346999999994,MI,149.8,Surface
USGS-0414826544,2016.0,64.5424,0.77518,0.188504,72.34234903999999,0.868860503,0.2112847084,MI,149.8,Surface
USGS-0414826544,2017.0,97.325,1.36364,0.351832,109.08672625,1.5284358939999998,0.39435089719999994,MI,149.8,Surface
USGS-0414826545,2012.0,11.657022,0.273565,0.028790450000000002,13.065773108699998,0.30662533025,0.0322697758825,MI,150.9,Tile
USGS-0414826545,2013.0,67.048156,5.67436,0.2703573,75.1509256526,6.360106406,0.303029979705,MI,150.9,Tile
USGS-0414826545,2014.0,129.61795,3.1018472,0.372663,145.2822792575,3.4767054341199994,0.41769932355,MI,150.9,Tile
USGS-0414826545,2015.0,35.27011,3.923114,0.1512589,39.5325027935,4.3972223269,0.169538538065,MI,150.9,Tile
USGS-0414826545,2016.0,44.21364,1.698475,0.26096691,49.556858393999995,1.9037357037499998,0.2925047610735,MI,150.9,Tile
USGS-0414826545,2017.0,57.34069,1.717424,0.22932,64.2703123865,1.9249746903999998,0.25703332199999995,MI,150.9,Tile
USGS-04184846,2019.0,93.0537,3.52719,0.573845,104.299239645,3.9534509114999996,0.64319416825,MI,14.7,Tile
USGS-04184846,2020.0,108.45995,5.62194,0.4591773,121.5673349575,6.301351449,0.514668876705,MI,14.7,Tile
USGS-04184846,2021.0,126.610515,14.280282,1.0507141,141.91139573774998,16.006054079699997,1.177692898985,MI,14.7,Tile
USGS-04184846,2022.0,43.9247308,5.1410730000000004,0.4530711,49.233034517179995,5.76237167205,0.507824742435,MI,14.7,Tile
USGS-04184846,2023.0,53.734899999999996,1.5698,0.42076,60.22876266499999,1.75951033,0.47160884599999997,MI,14.7,Tile
USGS-405051083391001,2012.0,6.91437,1.76969,0.053223200000000005,7.749971614499999,1.9835570364999997,0.05965522372,OH,7.9,Tile
USGS-405051083391001,2013.0,197.531316,13.560497,0.5531554,221.40297553859997,15.199283062449998,0.6200042300899999,OH,7.9,Tile
USGS-405051083391001,2014.0,47.23444,8.09839,0.2382316,52.942722073999995,9.077080431499999,0.26702188885999995,OH,7.9,Tile
USGS-405051083391001,2015.0,84.616616,26.979091,0.38394122,94.84253404359998,30.239514147349997,0.430340516437,OH,7.9,Tile
USGS-405051083391001,2016.0,73.65009,16.41552,0.2710344,82.5507033765,18.399335592,0.30378890723999996,OH,7.9,Tile
USGS-405051083391001,2017.0,142.025519,25.91099,0.4376827,159.18930297115,29.0423331415,0.4905766542949999,OH,7.9,Tile
USGS-405051083391001,2018.0,177.968995,26.82806,0.8776798,199.47654804574998,30.070231050999997,0.9837474038299999,OH,7.9,Tile
USGS-405051083391001,2019.0,292.1116027,23.1512127,0.65417757,327.413289886295,25.949036754794996,0.7332349293345,OH,7.9,Tile
USGS-405051083391001,2020.0,131.22324,5.920546,0.6194273,147.081568554,6.6360439841,0.694285089205,OH,7.9,Tile
USGS-405051083391201,2012.0,18.131059999999998,0.183836,0.0620875,20.322198600999997,0.20605258059999998,0.06959077437499998,OH,8.1,Surface
USGS-405051083391201,2013.0,2606.9538,12.988445000000002,3.230244,2922.0041667299993,14.558098578250002,3.6206189873999994,OH,8.1,Surface
USGS-405051083391201,2014.0,370.944,6.317163,0.8751505,415.7725824,7.080592148549999,0.9809124379249999,OH,8.1,Surface
USGS-405051083391201,2015.0,827.99527,8.1179979,1.2880944,928.0584983795,9.099057946215,1.44376060824,OH,8.1,Surface
USGS-405051083391201,2016.0,351.51189999999997,1.184606,0.49498000000000003,393.99211311499994,1.3277656351,0.554798333,OH,8.1,Surface
USGS-405051083391201,2017.0,2367.72756,14.56027,5.514422000000001,2653.8674356259994,16.319878629499996,6.1808398987,OH,8.1,Surface
USGS-405051083391201,2018.0,331.2494,5.47472,2.048409,371.28088998999993,6.136339911999999,2.2959592276499996,OH,8.1,Surface
USGS-405051083391201,2019.0,2122.0998,17.653399999999998,2.57629,2378.5555608299996,19.786813389999995,2.8876346465,OH,8.1,Surface
USGS-405051083391201,2020.0,1124.941,3.3300799999999997,1.67652,1260.89011985,3.7325201679999993,1.879127442,OH,8.1,Surface
USGS-411228084541701,2015.0,15.9453,0.21078,0.088295,17.872289504999998,0.23625276299999998,0.09896545074999999,IN,62.5,Surface
USGS-411228084541701,2016.0,208.7074,4.121465,0.7181649999999999,233.92968929,4.61954404525,0.8049552402499999,IN,62.5,Surface
USGS-411228084541701,2017.0,200.4683,2.634585,0.727556,224.694894055,2.95297459725,0.8154811425999999,IN,62.5,Surface
USGS-411228084541701,2018.0,244.62689999999998,4.631284,1.125237,274.19006086499996,5.190974671399999,1.26122189145,IN,62.5,Surface
USGS-411228084541701,2019.0,277.69078,4.43147,1.225946,311.249710763,4.9670131495,1.3741015740999998,IN,62.5,Surface
USGS-411228084541701,2020.0,117.3116,2.958853,0.789173,131.48870685999998,3.31643038505,0.8845445570499999,IN,62.5,Surface
USGS-411228084541701,2021.0,153.804,2.70706,0.98602,172.3912134,3.0342082009999993,1.105180517,IN,62.5,Surface
USGS-411228084541701,2022.0,100.41791,2.5691537,0.5038545,112.5534144235,2.879635924645,0.5647453163249999,IN,62.5,Surface
USGS-411228084541701,2023.0,50.15299,1.5203929999999999,0.300027,56.2139788415,1.7041324940499998,0.33628526294999994,IN,62.5,Surface
USGS-411228084541702,2015.0,13.890463,0.220746,0.0497202,15.569125453549999,0.2474231541,0.05572888616999999,IN,62.5,Tile
USGS-411228084541702,2016.0,42.3430089,1.26183638,0.192872581,47.460161525565,1.414329306523,0.21618123241384996,IN,62.5,Tile
USGS-411228084541702,2017.0,49.1265204,0.9537047,0.226808324,55.06346039033999,1.0689599129949998,0.2542181099554,IN,62.5,Tile
USGS-411228084541702,2018.0,32.5937141,1.5139052,0.319270206,36.532664448984995,1.6968606434199998,0.35785401039509995,IN,62.5,Tile
USGS-411228084541702,2019.0,39.075921,1.099957,0.23707717,43.79824605285,1.23288680345,0.2657279459945,IN,62.5,Tile
USGS-411228084541702,2020.0,17.2447343,0.41695319999999997,0.13609898,19.328760440155,0.46734199421999995,0.152546541733,IN,62.5,Tile
USGS-411228084541702,2021.0,16.288472000000002,0.7606853,0.27489643999999996,18.256933841200002,0.8526141185049999,0.30811767477399993,IN,62.5,Tile
USGS-411228084541702,2022.0,20.1999093,0.8464381,0.16551229,22.641068338905,0.9487301443849999,0.18551445024649998,IN,62.5,Tile
USGS-411228084541702,2023.0,4.6517176000000005,0.22932622,0.037124707,5.21387767196,0.257040293687,0.04161122784095,IN,62.5,Tile
USGS-411229084541101,2015.0,15.382,0.26608,0.078527,17.240914699999998,0.29823576799999996,0.08801698794999999,IN,35.8,Surface
USGS-411229084541101,2016.0,254.29886,7.79814,0.917957,285.030877231,8.740545219,1.02889210345,IN,35.8,Surface
USGS-411229084541101,2017.0,280.17954000000003,3.926262,1.0921197999999999,314.039237409,4.4007507626999995,1.2241024778299998,IN,35.8,Surface
USGS-411229084541101,2018.0,200.95196,6.125516,0.7299473,225.237004366,6.865784608599999,0.8181614312049998,IN,35.8,Surface
USGS-411229084541101,2019.0,195.55824,5.639475,0.91287801,219.191453304,6.321005553749999,1.0231993175085,IN,35.8,Surface
USGS-411229084541101,2020.0,166.0919,4.62207,0.8217099999999999,186.16410611499998,5.180647159499999,0.9210136534999999,IN,35.8,Surface
USGS-411229084541101,2021.0,49.0192,1.8624100000000001,0.2729612,54.94317031999999,2.0874822484999997,0.30594856102,IN,35.8,Surface
USGS-411229084541101,2022.0,51.67984,3.2695754,0.18784692,57.92534866399999,3.6647035870899995,0.210548220282,IN,35.8,Surface
USGS-411229084541101,2023.0,45.1834,2.14899,0.190723,50.64381389,2.4086954415,0.21377187455,IN,35.8,Surface
USGS-411229084541102,2015.0,1.24746,0.40709,0.009881299999999999,1.398215541,0.45628682649999996,0.011075455104999998,IN,35.8,Tile
USGS-411229084541102,2016.0,13.2322603,5.3143852,0.125054844,14.831378957255,5.95662865142,0.14016772189739998,IN,35.8,Tile
USGS-411229084541102,2017.0,43.557452,9.935953,0.29854094,48.82137007419999,11.136712920049998,0.33461961259899997,IN,35.8,Tile
USGS-411229084541102,2018.0,31.952986,20.683269,0.22660333,35.814504358099995,23.182842058649996,0.25398834243049995,IN,35.8,Tile
USGS-411229084541102,2019.0,49.82226,25.9465,0.3070935,55.84328012099999,29.082134524999997,0.344205749475,IN,35.8,Tile
USGS-411229084541102,2020.0,57.390012,16.3098086,0.38901664,64.3255949502,18.28084896931,0.436029300944,IN,35.8,Tile
USGS-411229084541102,2021.0,33.266712999999996,26.103578,0.20981754,37.28699526604999,29.258195401299997,0.23517398970899997,IN,35.8,Tile
USGS-411229084541102,2022.0,44.24606,17.54313,0.1893179,49.593196350999996,19.6632172605,0.212196968215,IN,35.8,Tile
USGS-411229084541102,2023.0,30.2601,12.0173,0.1555777,33.917033085,13.469590705,0.174379265045,IN,35.8,Tile
USGS-423645088595501,2016.0,0.00969,0.00152,0.000626,0.010861036499999999,0.001703692,0.0007016521,WI,5.8,Surface
USGS-423645088595501,2017.0,7591.0027,25.42896,7.574562,8508.375376295,28.502049815999996,8.4899478177,WI,5.8,Surface
USGS-423645088595501,2018.0,91.6328,5.665570000000001,1.059552,102.70662388,6.3502541345,1.1875988592,WI,5.8,Surface
USGS-423645088595501,2019.0,57.7085,25.383164999999998,6.372528,64.682572225,28.450720490249996,7.142648008799999,WI,5.8,Surface
USGS-423645088595501,2020.0,21.307183,0.261969,0.10452109999999999,23.882156065549996,0.29362795365,0.11715247493499999,WI,5.8,Surface
USGS-423645088595501,2021.0,0.18885300000000002,0.050533,0.026735,0.21167588505,0.05663991305,0.029965924749999994,WI,5.8,Surface
USGS-423740088592701,2016.0,0.34199999999999997,0.01367,0.0049499999999999995,0.3833306999999999,0.015322019499999999,0.005548207499999999,WI,18.5,Surface
USGS-423740088592701,2017.0,81.198,1.18258,0.301999,91.01077829999998,1.3254947929999998,0.33849557915,WI,18.5,Surface
USGS-423740088592701,2018.0,333.92324,12.016855,2.012387,374.27786355399996,13.469091926749998,2.25558396895,WI,18.5,Surface
USGS-423740088592701,2019.0,385.94120000000004,14.10134,2.112588,432.58219402000003,15.805486939,2.3678942598,WI,18.5,Surface
USGS-423740088592701,2020.0,30.0407,3.4173989999999996,0.21536660000000002,33.671118594999996,3.830391669149999,0.24139365361,WI,18.5,Surface
USGS-423740088592701,2021.0,0.0529,0.001303,0.0002463,0.059292964999999996,0.0014604675499999998,0.000276065355,WI,18.5,Surface
USGS-423846090171600,2004.0,136.5687,1.589505,0.7202465,153.073027395,1.7815966792499998,0.807288289525,WI,39.5,Surface
USGS-423846090171600,2005.0,28.76879,7.15218,3.612014,32.2454982715,8.016520953,4.0485258919,WI,39.5,Surface
USGS-423846090171600,2006.0,6.8629999999999995,0.3610961,0.18307389999999998,7.6923935499999985,0.40473456368499994,0.20519838081499997,WI,39.5,Surface
USGS-423846090171600,2007.0,237.623373,1.881173,1.0975668,266.34015762704996,2.1085127570499997,1.23020774778,WI,39.5,Surface
USGS-423846090171600,2008.0,424.20955,5.366461,1.579118,475.4752741174999,6.01499781185,1.7699544102999998,WI,39.5,Surface
USGS-423846090171600,2009.0,151.6849,12.17648,5.154311,170.016020165,13.648007607999999,5.777209484349999,WI,39.5,Surface
USGS-423846090171600,2010.0,15.93658,0.5318729999999999,0.31815,17.862515693,0.5961498520499998,0.3565984275,WI,39.5,Surface
USGS-423909090172100,2004.0,820.7906,8.654525,3.184132,919.9831440099999,9.70042434625,3.5689343521999994,WI,17.2,Surface
USGS-423909090172100,2005.0,15.382499999999999,2.657425,1.651647,17.241475124999997,2.9785748112499997,1.8512485399499998,WI,17.2,Surface
USGS-423909090172100,2007.0,5.68221,1.07958,0.92415,6.3689050785,1.2100472429999998,1.0358335275,WI,17.2,Surface
USGS-423909090172100,2008.0,298.86192,3.067342,1.0762213999999999,334.979383032,3.4380302806999996,1.2062827561899998,WI,17.2,Surface
USGS-423909090172100,2009.0,62.931000000000004,4.5322,1.25232,70.53621135,5.079916369999999,1.403662872,WI,17.2,Surface
USGS-423909090172100,2010.0,14.7195,2.99515,1.7425,16.498351574999997,3.3571138775,1.9530811249999998,WI,17.2,Surface
USGS-423912090170800,2004.0,398.16267999999997,11.500084,3.855956,446.28063987799993,12.889869151399997,4.321948282599999,WI,16.9,Surface
USGS-423912090170800,2005.0,23.237099999999998,3.1997,1.87605,26.045303534999995,3.5863837449999996,2.1027706425,WI,16.9,Surface
USGS-423912090170800,2006.0,7.48,0.98,0.939,8.383958,1.098433,1.0524781499999998,WI,16.9,Surface
USGS-423912090170800,2007.0,34.9687,0.75866,0.32705,39.194667394999996,0.8503440609999999,0.3665739925,WI,16.9,Surface
USGS-423912090170800,2008.0,576.74456,3.74829,1.167824,646.4441400759999,4.2012708465,1.3089555303999998,WI,16.9,Surface
USGS-423912090170800,2009.0,81.15429999999999,10.687893,3.995308,90.96179715499999,11.97952486905,4.478140971799999,WI,16.9,Surface
USGS-423912090170800,2010.0,49.38447,4.333629,1.8906109999999998,55.352583199499996,4.85734806465,2.1190913393499997,WI,16.9,Surface
USGS-423954089071501,2015.0,1.4300000000000002,0.246921,0.076929,1.6028155,0.27676140285,0.08622586965,WI,9.4,Surface
USGS-423954089071501,2016.0,0.9780499999999999,0.1329738,0.0511927,1.0962473424999997,0.14904368373,0.057379337795,WI,9.4,Surface
USGS-423954089071501,2017.0,12.91834,0.9573783,0.7081957999999999,14.479521388999999,1.0730774675549999,0.7937812624299998,WI,9.4,Surface
USGS-423954089071501,2018.0,27.776680000000002,2.619266,1.9014315,31.133491778,2.9358042960999997,2.1312194967749996,WI,9.4,Surface
USGS-423954089071501,2019.0,1.5691,0.819855,0.4455749,1.7587257349999998,0.91893447675,0.4994226266649999,WI,9.4,Surface
USGS-423954089071501,2020.0,0.3822,0.001742,0.0007023999999999999,0.4283888699999999,0.0019525207,0.0007872850399999998,WI,9.4,Surface
USGS-424008089050201,2015.0,11.11167,0.512585,0.445684,12.454515319499999,0.57453089725,0.49954491139999996,WI,9.7,Surface
USGS-424008089050201,2016.0,2.4199550000000003,0.1782559,0.11719819999999999,2.71240656175,0.19979812551499998,0.13136160246999998,WI,9.7,Surface
USGS-424008089050201,2017.0,181.30441,2.5609059999999997,1.7667840000000001,203.21504794849997,2.8703914900999994,1.9802998464,WI,9.7,Surface
USGS-424008089050201,2018.0,80.7503,3.438564,3.7193328,90.50897375499999,3.8541144593999994,4.16881416888,WI,9.7,Surface
USGS-424008089050201,2019.0,11.5252,2.1085423000000003,1.2747168999999998,12.91802042,2.3633596369550003,1.4287664373649998,WI,9.7,Surface
USGS-424008089050201,2020.0,7.389449,0.0626061,0.03604178,8.28246391165,0.07017204718499999,0.040397429113,WI,9.7,Surface
USGS-424008089050201,2021.0,0.0857,0.00308,0.00186,0.09605684499999999,0.0034522179999999995,0.002084781,WI,9.7,Surface
USGS-424129077495501,2017.0,178.507,1.5999100000000002,0.309841,200.07957094999998,1.7932591235,0.34728528484999993,NY,4.7,Surface
USGS-424129077495501,2018.0,56.248,0.4645,0.117613,63.04557079999999,0.520634825,0.13182653104999997,NY,4.7,Surface
USGS-424129077495501,2019.0,260.422,6.1745,0.46604,291.8939987,6.9206883249999995,0.5223609339999999,NY,4.7,Surface
USGS-424129077495501,2020.0,38.6,1.84,0.0844,43.26481,2.062364,0.09459974,NY,4.7,Surface
USGS-424129077495501,2021.0,4.962,0.1199,0.016560000000000002,5.5616577,0.134389915,0.018561276,NY,4.7,Surface
USGS-424129077495502,2016.0,3.76132,3.33351,0.0151198,4.215875521999999,3.7363646834999997,0.01694702783,NY,4.7,Tile
USGS-424129077495502,2017.0,129.8356,40.9083,0.447484,145.52623226,45.85206805499999,0.5015624414,NY,4.7,Tile
USGS-424129077495502,2018.0,51.426359999999995,24.931330000000003,0.2708819,57.64123560599999,27.9442812305,0.303617977615,NY,4.7,Tile
USGS-424129077495502,2019.0,28.17794,13.06781,0.1533318,31.583244048999997,14.647054838499999,0.17186194802999996,NY,4.7,Tile
USGS-424129077495502,2020.0,11.92496,6.76951,0.086465,13.366091416,7.587605283499999,0.09691429524999999,NY,4.7,Tile
USGS-424129077495502,2021.0,11.21834,3.618425,0.0494619,12.574076388999998,4.055711661249999,0.055439370615,NY,4.7,Tile
USGS-424131077495801,2017.0,19.19,0.218,0.038,21.5091115,0.2443453,0.04259229999999999,NY,6.1,Surface
USGS-424131077495801,2018.0,2.3042,0.01502,0.003713,2.5826625699999997,0.016835166999999998,0.00416171605,NY,6.1,Surface
USGS-424131077495801,2019.0,335.2326,1.4293200000000001,0.573147,375.74545971,1.602053322,0.6424118149499999,NY,6.1,Surface
USGS-424131077495801,2020.0,41.0,1.42,0.0891,45.95484999999999,1.5916069999999998,0.09986773499999999,NY,6.1,Surface
USGS-424131077495802,2016.0,6.10082,7.6161,0.0216721,6.838104096999999,8.536505685,0.024291173285,NY,6.1,Tile
USGS-424131077495802,2017.0,113.82439000000001,42.5518,0.3195917,127.58006753149999,47.69418502999999,0.3582143569449999,NY,6.1,Tile
USGS-424131077495802,2018.0,31.756529999999998,38.5355,0.1263647,35.594306650499995,43.192515175,0.141635873995,NY,6.1,Tile
USGS-424131077495802,2019.0,27.94358,22.89842,0.0940867,31.320561642999998,25.665694057,0.10545707769499998,NY,6.1,Tile
USGS-424131077495802,2020.0,6.0060635,11.605557000000001,0.0338674,6.731896273974999,13.00808856345,0.03796027529,NY,6.1,Tile
USGS-424131077495802,2021.0,21.40997,14.4513,0.0680077,23.9973648745,16.197739605,0.076226430545,NY,6.1,Tile
USGS-424242090230701,2003.0,1100.9851,6.367509999999999,2.050526,1234.039149335,7.137023583499999,2.2983320671,WI,41.8,Surface
USGS-424242090230701,2004.0,77.93203,6.997077,1.585073,87.35011582549998,7.842673755449999,1.7766290720499998,WI,41.8,Surface
USGS-424242090230701,2005.0,32.84502,10.569766,1.570334,36.814340666999996,11.847122221099998,1.7601088638999998,WI,41.8,Surface
USGS-424242090230701,2006.0,76.04535,7.045096,1.5161607,85.23543054749999,7.896495851599999,1.6993887205949998,WI,41.8,Surface
USGS-424242090230701,2007.0,123.545052,8.165863,1.562004,138.47547153419998,9.15270754355,1.7507721833999998,WI,41.8,Surface
USGS-424242090230701,2008.0,5.404999999999999,1.4524000000000001,0.7306,6.058194249999999,1.62792254,0.8188930099999999,WI,41.8,Surface
USGS-424242090230701,2009.0,454.7083,27.271639999999998,5.668431,509.65979805499995,30.567417693999996,6.35346088635,WI,41.8,Surface
USGS-424245090231000,2003.0,2.29,0.0873,0.0199,2.5667465,0.097850205,0.022304914999999998,WI,28.8,Surface
USGS-424245090231000,2004.0,173.19834,4.6206455,0.9385349000000001,194.12935938899997,5.179050508675,1.051956842665,WI,28.8,Surface
USGS-424245090231000,2005.0,18.49663,5.989473,1.126447,20.731947735499997,6.71330081205,1.26257811995,WI,28.8,Surface
USGS-424245090231000,2006.0,32.3073,1.2512219999999998,0.2430238,36.211637204999995,1.4024321786999996,0.27239322623,WI,28.8,Surface
USGS-424245090231000,2007.0,28.107855,3.775808,0.3651104,31.50468927675,4.2321143968,0.40923399184,WI,28.8,Surface
USGS-424245090231000,2008.0,3058.6779,12.040934400000001,4.9930788,3428.3191242149996,13.49608132224,5.596492372979999,WI,28.8,Surface
USGS-424245090231000,2009.0,566.328,30.608348,6.310948,634.7687387999999,34.3073668558,7.073626065799999,WI,28.8,Surface
USGS-424245090231000,2010.0,67.8572,3.9189,1.323592,76.05774262,4.392499064999999,1.4835480932,WI,28.8,Surface
USGS-424245090231000,2011.0,5.21312,1.629764,0.2722775,5.843125551999999,1.8267209794,0.305182235875,WI,28.8,Surface
USGS-424245090235501,2002.0,6.029,0.07484289999999999,0.0349,6.757604649999999,0.08388766446499998,0.039117664999999996,WI,33.8,Surface
USGS-424245090235501,2003.0,12.841979999999998,0.58341,0.11927100000000002,14.393933282999996,0.6539150985,0.13368490035,WI,33.8,Surface
USGS-424247090234500,2003.0,0.000666,0.00222,0.000899,0.0007464861,0.002488287,0.0010076441499999999,WI,20.4,Surface
USGS-424247090234500,2004.0,5.525,1.1121649999999998,0.5387911000000001,6.19269625,1.2465701402499998,0.603904004435,WI,20.4,Surface
USGS-424247090234500,2005.0,123.459,3.0174,1.0202,138.37902015,3.3820527899999995,1.14349117,WI,20.4,Surface
USGS-424247090234500,2006.0,253.11892,1.80246,0.42324,283.708341482,2.020287291,0.47438855399999996,WI,20.4,Surface
USGS-424247090234500,2007.0,114.708,2.0159599999999998,0.7641800000000001,128.57046179999998,2.2595887659999994,0.856531153,WI,20.4,Surface
USGS-424253090232100,2007.0,497.0482,4.30837,1.619552,557.11647497,4.829036514499999,1.8152748591999999,WI,3.5,Surface
USGS-424253090232100,2008.0,655.85782,8.443166999999999,2.0340586,735.1182375469999,9.463523731949998,2.2798745818099997,WI,3.5,Surface
USGS-424253090232100,2009.0,716.072,2.05326,1.0097749999999999,802.6093011999999,2.3013964709999994,1.1318063087499997,WI,3.5,Surface
USGS-424256090234001,2002.0,28.239283999999998,0.5503146000000001,0.30448410000000004,31.652001471399995,0.61682011941,0.341281003485,WI,74.7,Surface
USGS-424256090234001,2003.0,429.937706,3.0839467,1.2097988,481.89567777009995,3.4566416586949993,1.35600298498,WI,74.7,Surface
USGS-424256090234001,2004.0,40.166509999999995,2.235559,0.505512,45.020632733499994,2.5057263051499996,0.5666031251999999,WI,74.7,Surface
USGS-424256090234001,2005.0,272.01869999999997,3.7377,1.57293,304.89215989499996,4.189401044999999,1.7630185904999998,WI,74.7,Surface
USGS-424256090234001,2006.0,19.34939,0.2900357,0.1074716,21.6877637815,0.32508651434499997,0.12045954285999999,WI,74.7,Surface
USGS-424256090234001,2007.0,432.133291,3.5527108,1.3483300999999999,484.3565992173499,3.9820559001799993,1.5112757925849998,WI,74.7,Surface
USGS-424259090231301,2003.0,1081.9939,5.0786,1.5482770000000001,1212.7528628149998,5.6923488099999995,1.73538627545,WI,14.3,Surface
USGS-424259090231301,2004.0,579.18199,4.3991299999999995,1.48074,649.1761334915,4.930764860499999,1.6596874289999999,WI,14.3,Surface
USGS-424259090231301,2005.0,41.394935,2.8017040000000004,2.014616,46.397512894749994,3.1402899284,2.2580823436,WI,14.3,Surface
USGS-424259090231301,2006.0,1.99908,0.165414,0.0547141,2.2406688179999996,0.1854042819,0.061326298985,WI,14.3,Surface
USGS-424259090231301,2007.0,232.32662000000002,2.37704,0.895294,260.403292027,2.6643052839999997,1.0034902799,WI,14.3,Surface
USGS-424259090231301,2008.0,195.538261,2.261985,0.6648161,219.16905984185,2.53534588725,0.745159125685,WI,14.3,Surface
USGS-424259090231301,2009.0,27.716050000000003,0.1713578,0.07622019999999999,31.0655346425,0.19206639013,0.08543141116999999,WI,14.3,Surface
USGS-424302090225601,2002.0,407.38390000000004,5.92287,1.373976,456.616244315,6.638648839499999,1.5400209996,WI,14.1,Surface
USGS-424302090225601,2003.0,1372.8456,7.975675,4.227614,1538.75399076,8.939535323749999,4.7385211519,WI,14.1,Surface
USGS-424302090225601,2004.0,950.4103,5.083958,2.13116,1065.267384755,5.698354324299999,2.3887106859999996,WI,14.1,Surface
USGS-424302090225601,2005.0,41.894,2.3445,1.4525,46.95688989999999,2.6278328249999996,1.6280346249999997,WI,14.1,Surface
USGS-424302090225601,2006.0,0.86637,0.12908,0.02119,0.9710708144999999,0.144679318,0.0237508115,WI,14.1,Surface
USGS-424302090225601,2007.0,62.546130000000005,2.2209589999999997,0.777291,70.1048298105,2.4893618951499996,0.8712266173499998,WI,14.1,Surface
USGS-424302090225601,2008.0,49.22726,2.954748,0.472948,55.176374370999994,3.3118292957999995,0.5301037658,WI,14.1,Surface
USGS-424302090230301,2003.0,764.1524,4.708998,1.57781,856.5002175399999,5.2780804083,1.7684883384999999,WI,2.6,Surface
USGS-424302090231900,2007.0,221.76938,2.1257740000000003,0.8018903000000001,248.570209573,2.3826737879,0.8987987427549999,WI,10.1,Surface
USGS-424302090231900,2008.0,293.217239,2.231475,0.65530444,328.65254233315,2.50114875375,0.7344979815739999,WI,10.1,Surface
USGS-424314090240601,2002.0,41.577509,1.04330087,0.27702018,46.60215096264999,1.1693837801394997,0.31049806875299996,WI,21.0,Surface
USGS-424314090240601,2003.0,194.8392,2.72465,0.5654705,218.38551732,3.0539239525,0.633807609925,WI,21.0,Surface
USGS-424314090240601,2004.0,12008.137999999999,27.823664,7.662485,13459.321477299998,31.1861537944,8.58849631225,WI,21.0,Surface
USGS-424314090240601,2005.0,46.400945,4.848371,1.1533045,52.00849920325,5.43429663535,1.2926813488249997,WI,21.0,Surface
USGS-424314090240601,2006.0,8.08536,0.195328,0.10013499999999999,9.062475756,0.2189333888,0.11223631474999998,WI,21.0,Surface
USGS-424314090240601,2007.0,53.19694,0.927423,0.2297665,59.625790198999994,1.03950206955,0.257533781525,WI,21.0,Surface
USGS-424314090240601,2008.0,7062.91356,21.660406,6.919086,7916.466663725999,24.278066065099996,7.755257543099999,WI,21.0,Surface
USGS-424314090240601,2009.0,439.57635,21.661758000000003,4.8534409,492.6991518975,24.2795814543,5.439979232764999,WI,21.0,Surface
USGS-424314090240601,2010.0,276.16876,2.0684952,0.6105568,309.54375464599997,2.31847284492,0.6843425892799999,WI,21.0,Surface
USGS-424314090240601,2011.0,27.54073,0.4281962,0.1174838,30.869027220499998,0.47994371077,0.13168171723,WI,21.0,Surface
USGS-424317090241401,2008.0,14933.3802,21.71528,9.535715,16738.07919717,24.339571588,10.68810615775,WI,8.2,Surface
USGS-424317090241401,2009.0,225.03719999999998,7.956,2.284,252.23294561999995,8.9174826,2.5600213999999997,WI,8.2,Surface
USGS-424421077495301,2015.0,93.9958,0.82945,0.2143,105.35519242999999,0.9296890324999999,0.24019815499999997,NY,3.1,Surface
USGS-424421077495301,2016.0,681.8736,4.0514,0.961283,764.27802456,4.5410116899999995,1.0774540505499999,NY,3.1,Surface
USGS-424421077495301,2017.0,3619.8968,21.4555,4.006602,4057.3613282799997,24.048397174999998,4.490799851699999,NY,3.1,Surface
USGS-424421077495301,2018.0,645.272,5.65619,1.25221,723.2531212,6.339740561499999,1.4035395785,NY,3.1,Surface
USGS-424421077495301,2019.0,865.5594,12.50826,1.3237970000000001,970.1622534899999,14.019883220999999,1.48377786745,NY,3.1,Surface
USGS-424421077495301,2020.0,49.0853,1.4426,0.584395,55.017258504999994,1.61693821,0.6550191357499999,NY,3.1,Surface
USGS-424421077495301,2021.0,51.624300000000005,5.19142,0.97741,57.863096655,5.818803106999999,1.0955299985,NY,3.1,Surface
USGS-424428077495401,2015.0,41.811,0.29699,0.09939700000000001,46.86385935,0.3328812414999999,0.11140912745,NY,7.1,Surface
USGS-424428077495401,2016.0,261.87954,2.10215,0.3918588,293.527682409,2.3561948274999995,0.43921493597999994,NY,7.1,Surface
USGS-424428077495401,2017.0,1167.578,9.9361,1.692649,1308.6798012999998,11.136877684999998,1.89720563165,NY,7.1,Surface
USGS-424428077495401,2018.0,431.217,4.69276,0.91735,483.32957444999994,5.259880045999999,1.0282117474999999,NY,7.1,Surface
USGS-424428077495401,2019.0,203.7216,7.44395,0.469766,228.34135535999997,8.343551357499999,0.5265372211,NY,7.1,Surface
USGS-424428077495401,2020.0,40.5336,1.128457,0.2947204,45.43208556,1.26483102845,0.33033736033999994,NY,7.1,Surface
USGS-424428077495401,2021.0,167.61297,3.63869,0.571286,187.86899742449998,4.078425686499999,0.6403259130999999,NY,7.1,Surface
USGS-425318090074000,2004.0,96.69999999999999,0.162,0.0503,108.38619499999997,0.18157769999999998,0.056378754999999996,WI,15.8,Surface
USGS-425318090074000,2005.0,80.2365,16.19769,2.443362,89.93308102499999,18.1551808365,2.7386422977,WI,15.8,Surface
USGS-425318090074000,2006.0,2.5446,0.11683,0.030186,2.8521149099999996,0.1309489055,0.033833978099999995,WI,15.8,Surface
USGS-425318090074000,2007.0,1.546,0.7107,0.0516,1.7328340999999998,0.7965880949999999,0.057835859999999996,WI,15.8,Surface
USGS-431112088281000,2005.0,0.08701629999999999,0.270803,0.000515713,0.09753221985499998,0.30352954255,0.0005780369160499999,WI,40.0,Tile
USGS-431112088281000,2006.0,45.751504000000004,36.52735,0.29925486,51.2805732584,40.941680247499995,0.335419809831,WI,40.0,Tile
USGS-431112088281000,2007.0,24.4135,37.8362,0.207583,27.363871474999996,42.40870476999999,0.23266940554999996,WI,40.0,Tile
USGS-431112088281000,2008.0,40.5325,34.501,1.3029789999999999,45.43085262499999,38.67044584999999,1.4604440121499997,WI,40.0,Tile
USGS-431112088281100,2006.0,233.2305,4.43369,2.62723,261.416405925,4.9695014365,2.9447307455,WI,6.1,Surface
USGS-431112088281100,2007.0,23.2694,0.945577,0.366167,26.081506989999998,1.05984998045,0.41041828194999996,WI,6.1,Surface
USGS-431112088281100,2008.0,259.69857,9.3431,6.1767199999999995,291.0831421845,10.472213635,6.923176611999999,WI,6.1,Surface
USGS-431113088281000,2005.0,0.0294108,0.03226573,0.000239917,0.03296509518,0.036165043470499994,0.00026891096944999996,WI,100.0,Tile
USGS-431113088281000,2006.0,10.937572,2.99039,0.031227,12.259377576199999,3.3517786314999998,0.035000782949999996,WI,100.0,Tile
USGS-431113088281000,2007.0,15.7464,14.6427,0.10707,17.649352439999998,16.412270295,0.12000940949999998,WI,100.0,Tile
USGS-431113088281000,2008.0,25.1866,30.852,0.343261,28.230400609999997,34.580464199999994,0.38474409184999997,WI,100.0,Tile
USGS-431212089314801,2012.0,2.26,0.0119,0.00604,2.5331209999999995,0.013338115,0.006769934,WI,14.9,Surface
USGS-431212089314801,2013.0,240.31835,7.2000720000000005,1.907114,269.3608225975,8.0702007012,2.1375887269,WI,14.9,Surface
USGS-431212089314801,2014.0,1176.486,15.461770000000001,5.312357,1318.6643331,17.3303249045,5.95435534345,WI,14.9,Surface
USGS-431250089282901,2011.0,417.48391300000003,4.5851658,1.4269314,467.93684388605,5.13928308693,1.5993760596899997,WI,34.0,Surface
USGS-431250089282901,2012.0,139.64867999999998,3.0543743000000005,0.67294412,156.52522297799996,3.4234954341550003,0.754269416902,WI,34.0,Surface
USGS-431250089282901,2013.0,1002.06542,12.770115,3.0294838,1123.1650260069998,14.31338339775,3.39559691723,WI,34.0,Surface
USGS-433615088202501,2013.0,76.559686,2.086685,0.339636,85.81192405309999,2.33886088225,0.3806810106,WI,18.3,Surface
USGS-433615088202501,2014.0,21.4895137,1.1386237,0.21498488999999998,24.086521430644996,1.2762263741449997,0.24096581395649996,WI,18.3,Surface
USGS-433615088202501,2015.0,13.002199999999998,0.345341,0.08535330000000001,14.573515869999998,0.38707545984999997,0.095668246305,WI,18.3,Surface
USGS-433727088215801,2012.0,21.861,0.8179000000000001,0.054062,24.502901849999997,0.916743215,0.06059539269999999,WI,9.0,Surface
USGS-433727088215801,2013.0,2414.4129,20.263379999999998,2.690106,2706.1946989649996,22.712209472999994,3.0152053101,WI,9.0,Surface
USGS-433727088215801,2014.0,7565.938800000001,27.90148,6.503769,8480.282503980001,31.273373857999996,7.28974948365,WI,9.0,Surface
USGS-433727088215801,2015.0,192.5,0.7865000000000001,0.22269999999999998,215.763625,0.881548525,0.24961329499999996,WI,9.0,Surface
USGS-433821090063801,2019.0,416.1865,4.346,0.856306,466.48263852499997,4.8712140999999995,0.9597905801,WI,1.9,Surface
USGS-433821090063801,2020.0,12.773499999999999,0.69974,0.16700299999999998,14.317177474999998,0.7843035789999999,0.18718531254999995,WI,1.9,Surface
USGS-433821090063801,2021.0,2.4890000000000003,0.5958,0.08612,2.7897956500000003,0.66780243,0.09652760199999999,WI,1.9,Surface
USGS-433821090063801,2022.0,57.847300000000004,1.8254599999999999,0.429635,64.838146205,2.0460668409999996,0.4815563897499999,WI,1.9,Surface
USGS-433821090063801,2023.0,1.818,0.1623,0.012202999999999999,2.0377053,0.181913955,0.013677732549999997,WI,1.9,Surface
USGS-433939090050501,2019.0,106.42177,8.236712,2.411824,119.28284090449998,9.2321186452,2.7032929304,WI,2.1,Surface
USGS-433939090050501,2020.0,13.72407,2.8773962,0.45624459999999994,15.382623859499997,3.22512953077,0.5113817599099999,WI,2.1,Surface
USGS-433939090050501,2021.0,14.822999999999999,0.6351,0.09082,16.614359549999996,0.7118518349999999,0.10179559699999999,WI,2.1,Surface
USGS-433939090050501,2022.0,256.7129,4.047470000000001,0.47712499999999997,287.73665396499996,4.536606749500001,0.5347855562499999,WI,2.1,Surface
USGS-433939090050501,2023.0,0.0285,0.029,0.00158,0.031944225,0.032504649999999996,0.0017709429999999999,WI,2.1,Surface
USGS-434034088252401,2011.0,0.21,0.0704,0.0286,0.23537849999999996,0.07890783999999999,0.03205631,WI,73.3,Surface
USGS-434034088252401,2012.0,27.895,2.6168,0.6513,31.266110749999996,2.9330402799999997,0.7300096049999999,WI,73.3,Surface
USGS-434034088252401,2013.0,314.67109999999997,8.170289,1.648375,352.69910243499993,9.15766842565,1.8475811187499998,WI,73.3,Surface
USGS-434034088252401,2014.0,833.14136,12.230813,3.776562,933.8264933559999,13.708906751049998,4.2329595176999995,WI,73.3,Surface
USGS-434034088252401,2015.0,88.5728,1.401095,0.517292,99.27682288,1.5704173307499998,0.5798067382,WI,73.3,Surface
USGS-434209090491101,2010.0,4.44,0.799,0.342,4.976574,0.89555915,0.38333069999999997,WI,10.3,Surface
USGS-434209090491101,2011.0,68.071899,6.8159925,1.556248,76.29838799414999,7.639705193625,1.7443205708,WI,10.3,Surface
USGS-434209090491101,2012.0,56.79265,1.1710909999999999,0.30198800000000003,63.656041752499995,1.3126173473499998,0.3384832498,WI,10.3,Surface
USGS-434209090491101,2013.0,846.832,13.99591,2.664662,949.1716471999999,15.6873157235,2.9866864026999997,WI,10.3,Surface
USGS-434209090491101,2014.0,410.199,12.294550000000001,2.1404199999999998,459.77154915,13.7803463675,2.3990897569999996,WI,10.3,Surface
USGS-434209090491101,2015.0,140.55329,4.016900000000001,0.8954721999999999,157.5391550965,4.5023423650000005,1.00369001537,WI,10.3,Surface
USGS-434209090491101,2016.0,1917.9395,13.63476,6.01907,2149.7224885749997,15.282520746,6.7464746095,WI,10.3,Surface
USGS-434209090491101,2017.0,5596.8721000000005,26.73248,10.779084000000001,6273.254093285,29.963100207999997,12.0817363014,WI,10.3,Surface
USGS-434244090470801,2010.0,0.0263,0.0043,0.000983,0.029478354999999998,0.004819655,0.0011017955499999998,WI,16.0,Surface
USGS-434244090470801,2011.0,4.46019,0.16783399999999998,0.041794,4.999203961499999,0.18811673889999997,0.046844804899999995,WI,16.0,Surface
USGS-434244090470801,2012.0,22.4376,1.267151,0.366576,25.14918396,1.4202861983499997,0.4108767096,WI,16.0,Surface
USGS-434244090470801,2013.0,32.94162,4.374703,1.002956,36.922614777,4.90338585755,1.1241632326,WI,16.0,Surface
USGS-434244090470801,2014.0,170.0718,7.002610000000001,1.9475030000000002,190.62497702999997,7.8488754185000005,2.18285873755,WI,16.0,Surface
USGS-434244090470801,2015.0,25.826390000000004,2.050016,0.468812,28.9475092315,2.2977604335999997,0.5254679301999999,WI,16.0,Surface
USGS-434244090470801,2016.0,225.536,3.75671,1.699392,252.7920256,4.2107084035,1.9047635231999998,WI,16.0,Surface
USGS-434244090470801,2017.0,360.2965,5.08196,2.144908,403.83833202499994,5.696114865999999,2.4041201317999996,WI,16.0,Surface
USGS-434246090465801,2011.0,1.24222,0.13598,0.026122,1.392342287,0.15241318299999998,0.029278843699999998,WI,25.3,Surface
USGS-434246090465801,2012.0,7.67,0.642,0.1527,8.596919499999998,0.7195857,0.171153795,WI,25.3,Surface
USGS-434246090465801,2013.0,14.21433,1.2450805,0.2876842,15.932131780499999,1.3955484784249998,0.32245083557,WI,25.3,Surface
USGS-434246090465801,2014.0,227.4486,3.7776899999999998,1.086993,254.93576330999997,4.234223836499999,1.21835610405,WI,25.3,Surface
USGS-434246090465801,2015.0,18.9362,0.64313,0.17892999999999998,21.224639769999996,0.7208522605,0.20055369049999996,WI,25.3,Surface
USGS-434246090465801,2016.0,217.81,2.2633,0.9134,244.13233849999997,2.536819805,1.0237843899999999,WI,25.3,Surface
USGS-434246090465801,2017.0,1267.21,5.8957,2.2021,1420.3523284999999,6.6081953449999995,2.468223785,WI,25.3,Surface
USGS-434250090461401,2010.0,2.5305,0.1677,0.0173699,2.836310925,0.18796654499999996,0.019469052415,WI,33.4,Surface
USGS-434250090461401,2011.0,129.1729887,2.513624,0.3010688,144.783544384395,2.8173954603999998,0.33745296448,WI,33.4,Surface
USGS-434250090461401,2012.0,141.2516,2.1108599999999997,0.29916600000000004,158.32185585999997,2.3659574309999996,0.33532021110000004,WI,33.4,Surface
USGS-434250090461401,2013.0,674.35786,7.321866,1.24911,755.8540073809999,8.2067135061,1.4000649434999999,WI,33.4,Surface
USGS-434250090461401,2014.0,3252.3957,15.97411,3.641489,3645.4477203449997,17.904581193499997,4.08156294565,WI,33.4,Surface
USGS-434250090461401,2015.0,181.10082,3.24474,0.818088,202.986854097,3.6368668289999997,0.9169539348,WI,33.4,Surface
USGS-434250090461401,2016.0,2537.914366,14.402655,5.057863,2844.6213171310997,16.143215856749997,5.669105743549999,WI,33.4,Surface
USGS-434250090461401,2017.0,570.37737,4.892157,2.0096683,639.3074751645,5.48337417345,2.2525367140549997,WI,33.4,Surface
USGS-434311090461401,2010.0,0.0139,0.00239,0.000356,0.015579814999999997,0.0026788315,0.00039902259999999995,WI,14.0,Surface
USGS-434311090461401,2011.0,6.5447500000000005,1.47276,0.18067,7.3356830375,1.6507430459999999,0.2025039695,WI,14.0,Surface
USGS-434311090461401,2012.0,135.56719999999999,1.80916,0.44382399999999994,151.95049611999997,2.027796986,0.49746013039999987,WI,14.0,Surface
USGS-434311090461401,2013.0,61.21846,7.22175,1.194355,68.616710891,8.0944984875,1.33869280175,WI,14.0,Surface
USGS-434311090461401,2014.0,245.789894,11.174086,2.4543464999999998,275.4936026899,12.524474293099999,2.7509542745249993,WI,14.0,Surface
USGS-434311090461401,2015.0,12.747273999999999,1.2740215,0.256701,14.287782062899998,1.4279869982749998,0.28772331585,WI,14.0,Surface
USGS-434311090461401,2016.0,168.47367,2.301172,0.843405,188.83371301949998,2.5792686362,0.9453304942499998,WI,14.0,Surface
USGS-434311090461401,2017.0,44.44429,4.17364,1.169597,49.815382446499996,4.6780243939999995,1.3109427974499999,WI,14.0,Surface
USGS-434425090462401,2011.0,113.85154,1.603229,0.4617431,127.61049860899999,1.7969792246499998,0.517544753635,WI,48.0,Surface
USGS-434425090462401,2012.0,41.39454,1.6020210000000001,0.4981114,46.397070158999995,1.79562523785,0.5583081626899999,WI,48.0,Surface
USGS-434425090462401,2013.0,296.5959,5.562326,1.126177,332.4395145149999,6.234533097099999,1.26227549045,WI,48.0,Surface
USGS-434425090462401,2014.0,267.36292,4.4521631,1.0690054,299.6737288819999,4.990207010634999,1.19819470259,WI,48.0,Surface
USGS-434425090462401,2015.0,150.40164,3.410609,0.9168346,168.57767819399996,3.8227810976499996,1.02763406141,WI,48.0,Surface
USGS-434425090462401,2016.0,615.96082,5.2010869,1.6213571,690.399685097,5.829638251864999,1.817298105535,WI,48.0,Surface
USGS-434425090462401,2017.0,2173.08243,7.548471500000001,2.3370140999999998,2435.6994416654998,8.460704280775,2.6194422539849995,WI,48.0,Surface
USGS-435414087471400,2008.0,96.86173,4.25995,1.40232,108.56747007049998,4.7747649574999995,1.571790372,WI,5.0,Surface
USGS-435414087471400,2009.0,8.47424,3.7301,1.0493999999999999,9.498351904,4.180882585,1.1762199899999999,WI,5.0,Surface
USGS-435414087471400,2010.0,54.139599999999994,5.3403,1.46802,60.68237065999999,5.985675254999999,1.645430217,WI,5.0,Surface
USGS-435414087471400,2011.0,10.322799999999999,1.831,0.47565999999999997,11.570310379999999,2.0522763499999996,0.5331435109999999,WI,5.0,Surface
USGS-435440087463800,2006.0,53.969985,17.2854,0.47606000000000004,60.492257687249996,19.374340589999996,0.533591851,WI,15.2,Tile
USGS-435440087463800,2007.0,57.674276,23.553914,0.7726116000000001,64.64421225459999,26.400404506899996,0.86598171186,WI,15.2,Tile
USGS-435440087463800,2008.0,59.667462,32.191224,2.2054072000000002,66.87827478269999,36.08153342039999,2.47193066012,WI,15.2,Tile
USGS-435440087463800,2009.0,53.4761,9.2075,0.280878,59.938686685,10.320226374999999,0.3148221063,WI,15.2,Tile
USGS-435440087463800,2010.0,64.02125,40.654,1.82115,71.75821806249999,45.5670359,2.0412359775,WI,15.2,Tile
USGS-435440087463800,2011.0,19.488734,30.462245,1.97149979,21.8439475039,34.14360730825,2.2097555396215,WI,15.2,Tile
USGS-435441087463900,2006.0,36.55,2.6670000000000003,0.838,40.96706749999999,2.98930695,0.9392722999999998,WI,15.2,Surface
USGS-435441087463900,2007.0,17.02443,16.24559,2.868001,19.0818323655,18.208869551499998,3.21459892085,WI,15.2,Surface
USGS-435441087463900,2008.0,302.54255739999996,28.789738999999997,8.70223,339.1048254617899,32.268978958149994,9.753894495499999,WI,15.2,Surface
USGS-435441087463900,2009.0,25.5232,25.796499999999998,3.9724999999999997,28.607678719999996,28.914007024999997,4.452576624999999,WI,15.2,Surface
USGS-435441087463900,2010.0,145.0067,15.034899999999999,3.1121,162.53075969499997,16.851867664999997,3.4881972849999996,WI,15.2,Surface
USGS-435441087463900,2011.0,37.6005,16.598709999999997,2.543481,42.144520424999996,18.604664103499996,2.8508606788499997,WI,15.2,Surface
USGS-435444087462300,2006.0,5.54,2.67,0.859,6.209509,2.9926695,0.9628101499999999,WI,12.0,Surface
USGS-435444087462300,2007.0,5.7432,8.9376,2.6007,6.437265719999999,10.017708959999998,2.9149945949999996,WI,12.0,Surface
USGS-435444087462300,2008.0,341.23163,20.99327,3.5984619999999996,382.4694724855,23.530306679499997,4.033336132699999,WI,12.0,Surface
USGS-435444087462300,2009.0,6.366582,5.9722159999999995,1.691238,7.1359834347,6.693958303599999,1.8956241123,WI,12.0,Surface
USGS-435444087462300,2010.0,15.64518,2.7174,0.9872299999999999,17.535900003,3.04579779,1.1065367455,WI,12.0,Surface
USGS-435444087462300,2011.0,12.74348,3.268291,0.676543,14.283529557999998,3.66326396735,0.75830322155,WI,12.0,Surface
USGS-435449087461400,2005.0,196.7939818,5.9931964,0.9541856599999999,220.57653450053,6.7174741849399995,1.0694989970109998,WI,641.0,Tile
USGS-435449087461400,2006.0,677.2148316,14.12738965,1.52121312,759.0562439988599,15.834684689202499,1.705051725552,WI,641.0,Tile
USGS-435950087572701,2017.0,1.843,0.7101999999999999,0.002235,2.06572655,0.7960276699999999,0.00250509975,WI,7.1,Tile
USGS-435950087572701,2018.0,186.8871,39.1232,0.1834231,209.47240603499998,43.85123871999999,0.205589781635,WI,7.1,Tile
USGS-435950087572701,2019.0,263.33148,42.524567,0.16292108,295.155089358,47.66366092194999,0.18261009251799998,WI,7.1,Tile
USGS-435950087572701,2020.0,180.742,25.544,0.170828,202.58467069999998,28.630992399999997,0.1914725638,WI,7.1,Tile
USGS-441520088045001,2014.0,5233.8105000000005,30.980759000000003,9.471619,5866.316498925,34.72478372515,10.616264156149999,WI,7.1,Surface
USGS-441520088045001,2015.0,438.3666,5.559080000000001,1.076943,491.34320361,6.230894818,1.20709156155,WI,7.1,Surface
USGS-441520088045001,2016.0,3525.8309999999997,24.010712,6.76228,3951.9276763499993,26.9124065452,7.579501537999999,WI,7.1,Surface
USGS-441520088045001,2017.0,1424.427093,28.655683,4.6303372,1596.5691071890499,32.11872229055,5.189913450619999,WI,7.1,Surface
USGS-441520088045001,2018.0,1623.3994,33.73996,9.6530524,1819.5872174899998,37.817434166,10.819623782539999,WI,7.1,Surface
USGS-441520088045001,2019.0,1906.7805,42.32638,8.730493,2137.214923425,47.441523022999995,9.785573079049998,WI,7.1,Surface
USGS-441520088045001,2020.0,2695.083,21.5928,5.74623,3020.78378055,24.20228988,6.440661895499999,WI,7.1,Surface
USGS-441520088045001,2021.0,141.71618,3.81408,1.352288,158.842580353,4.275011568,1.5157120048,WI,7.1,Surface
USGS-441520088045001,2022.0,74.3782,20.5542,6.18922,83.36680547,23.03817507,6.937187236999999,WI,7.1,Surface
USGS-441520088045001,2023.0,360.551,3.0701,1.0625,404.12358835,3.441121585,1.190903125,WI,7.1,Surface
USGS-441520088045002,2014.0,29.4866011,45.760161,0.21079398,33.050056842935,51.290276456849995,0.23626843248299997,WI,25.6,Tile
USGS-441520088045002,2015.0,14.171419700000001,36.76448,0.11719156,15.884035770745,41.20746740799999,0.13135416002599998,WI,25.6,Tile
USGS-441520088045002,2016.0,36.94399799999999,65.626848,0.33942812,41.40868015829999,73.55785258079999,0.380448008302,WI,25.6,Tile
USGS-441520088045002,2017.0,16.0822823,35.158661,0.215477543,18.025826115955,39.407585181849996,0.24151800407154997,WI,25.6,Tile
USGS-441520088045002,2018.0,87.8246279,38.3484762,0.6008336679999999,98.43823418171499,42.98288954877,0.6734444167777999,WI,25.6,Tile
USGS-441520088045002,2019.0,66.31786,65.83587,0.4957382,74.33237338099998,73.79213488949999,0.55564816147,WI,25.6,Tile
USGS-441520088045002,2020.0,76.0100254,40.976377,0.463129509,85.19583696958999,45.928372160449996,0.51909871016265,WI,25.6,Tile
USGS-441520088045002,2021.0,47.626036,15.807926,0.31908821,53.3816424506,17.7183138571,0.35765002017849995,WI,25.6,Tile
USGS-441546088082001,2013.0,12767.3462,38.179959999999994,8.975992,14310.279988269998,42.79400816599999,10.060740633199998,WI,27.2,Surface
USGS-441546088082001,2014.0,6848.7164,36.593015,10.554204,7676.38377694,41.01528086275,11.8296795534,WI,27.2,Surface
USGS-441546088082001,2015.0,2267.504,29.025785,4.9521395,2541.5318583999997,32.53355111725,5.550605558575,WI,27.2,Surface
USGS-441546088082001,2016.0,1704.82352,19.23265,4.51469,1910.8514423919996,21.556915752499997,5.060290286499999,WI,27.2,Surface
USGS-441546088082001,2017.0,7421.7969,41.2500994,10.5827265,8318.721055365,46.23517391249,11.861648997524998,WI,27.2,Surface
USGS-441546088082001,2018.0,1038.615419,12.066239,3.9123588000000002,1164.13209238615,13.524443983149999,4.38516736098,WI,27.2,Surface
USGS-441546088082001,2019.0,1450.703,27.453886,8.524013,1626.0204575499997,30.7716881231,9.554139971049999,WI,27.2,Surface
USGS-441546088082001,2020.0,856.6515,23.21087,3.9208689999999997,960.177833775,26.015903639499996,4.394706018649999,WI,27.2,Surface
USGS-441546088082001,2021.0,109.34744,12.981093999999999,2.8818864,122.562078124,14.549859209899997,3.2301623714399996,WI,27.2,Surface
USGS-441546088082001,2022.0,125.88081,10.969859999999999,3.29018,141.09350588849998,12.295567580999998,3.6877982529999995,WI,27.2,Surface
USGS-441624088045601,2012.0,5059.748,21.46753,5.1079543,5671.218545799999,24.061881000499998,5.725250577155,WI,10.2,Surface
USGS-441624088045601,2013.0,1394.2066,30.533050000000003,2.516148,1562.69646761,34.2229690925,2.8202244857999994,WI,10.2,Surface
USGS-441624088045601,2014.0,5640.00633,35.660399999999996,7.154385,6321.6010949804995,39.96995933999999,8.01899242725,WI,10.2,Surface
USGS-441624088045601,2015.0,888.7707300000001,16.565285,2.0257032,996.1786727205,18.567199692249996,2.27050943172,WI,10.2,Surface
USGS-441624088045601,2016.0,3101.5,19.608073,4.607112,3476.3162749999997,21.97770862205,5.163881485199999,WI,10.2,Surface
USGS-441624088045601,2017.0,875.782,6.67163,1.79777,981.6202546999999,7.4778964855,2.0150305045,WI,10.2,Surface
USGS-441624088045601,2018.0,522.75,3.5347999999999997,1.8301,585.9243375,3.961980579999999,2.0512675849999997,WI,10.2,Surface
USGS-441624088045601,2019.0,3.72,0.374,0.0431,4.169562,0.41919789999999996,0.048308634999999996,WI,10.2,Surface
USGS-442114088085701,2015.0,1642.1109999999999,59.64315,4.973716,1840.5601143499996,66.85102467749999,5.574789578599999,WI,5.1,Surface
USGS-442114088085701,2016.0,3057.2965,31.2527,4.7882299999999995,3426.770782025,35.029588794999995,5.366887595499999,WI,5.1,Surface
USGS-442114088085701,2017.0,4603.7502,46.550926,5.279624,5160.11341167,52.17660540709999,5.9176665604,WI,5.1,Surface
USGS-442114088085701,2018.0,4149.021,40.9533,9.84931,4650.430187849999,45.902506304999996,11.039599113499998,WI,5.1,Surface
USGS-442114088085701,2019.0,2219.2419999999997,36.651939999999996,7.70887,2487.4373956999993,41.081326948999994,8.640486939499999,WI,5.1,Surface
USGS-442114088085701,2020.0,2679.187,50.240610000000004,5.3225940000000005,3002.96674895,56.3121877185,5.9658294849,WI,5.1,Surface
USGS-442114088085701,2021.0,2712.3417000000004,18.02633,5.69111,3040.128194445,20.2048119805,6.3788806435,WI,5.1,Surface
USGS-442114088085701,2022.0,1767.8976,20.12229,2.822822,1981.5480249599998,22.554068746499997,3.1639600386999995,WI,5.1,Surface
USGS-442114088085701,2023.0,3020.8105,11.915668,3.8291020000000002,3385.8754489249995,13.3556764778,4.2918489767,WI,5.1,Surface
USGS-442119088085501,2015.0,1683.8770000000002,45.298300000000005,4.472957,1887.37353545,50.772599555,5.013513853449999,WI,4.7,Surface
USGS-442119088085501,2016.0,2408.3288,23.70739,3.811684,2699.3753354799996,26.572428081499996,4.2723260114,WI,4.7,Surface
USGS-442119088085501,2017.0,1991.847,21.5705,2.5340100000000003,2232.5617099499996,24.177294924999998,2.8402451085,WI,4.7,Surface
USGS-442119088085501,2018.0,1677.9496,47.343056,3.551863,1880.7298091599998,53.06446431759999,3.98110564355,WI,4.7,Surface
USGS-442119088085501,2019.0,2863.12,48.3805,7.11581,3209.1280519999996,54.227283424999996,7.975755638499999,WI,4.7,Surface
USGS-442119088085501,2020.0,1297.459,45.1605,4.16497,1454.25692015,50.61814642499999,4.6683066245,WI,4.7,Surface
USGS-442119088085501,2021.0,761.26632,23.19531,7.9002453,853.2653547719999,25.998463213499996,8.854989944504998,WI,4.7,Surface
USGS-442119088085501,2022.0,1256.04761,41.639304,2.949177,1407.8409636684999,46.6714138884,3.30558504045,WI,4.7,Surface
USGS-442119088085501,2023.0,3370.5521999999996,12.27942,4.20298,3777.8834333699992,13.763387906999998,4.710910133,WI,4.7,Surface
USGS-442155087330001,2018.0,26.41,0.7295,0.09330000000000001,29.601648499999996,0.8176600749999999,0.104575305,WI,19.8,Surface
USGS-442155087330001,2019.0,1877.1169,22.181987,5.972046,2103.9664773649997,24.862680128949997,6.693767759099999,WI,19.8,Surface
USGS-442155087330001,2020.0,2741.41495,30.336980399999998,5.2018856,3072.7149467074996,34.00320448133999,5.830533474759999,WI,19.8,Surface
USGS-442155087330001,2021.0,252.9759,3.70375,1.235748,283.548037515,4.151348187499999,1.3850881458,WI,19.8,Surface
USGS-442155087330001,2022.0,472.44489999999996,14.942359999999999,1.520378,529.5398661649999,16.748144205999996,1.7041156812999998,WI,19.8,Surface
USGS-442155087330001,2023.0,240.0464,2.26837,0.64844,269.05600744,2.5425025144999998,0.726803974,WI,19.8,Surface
USGS-442405087414401,2018.0,6148.0,3.2520000000000002,1.3817,6890.9857999999995,3.6450042,1.5486784449999997,WI,2.6,Surface
USGS-442405087414401,2019.0,12608.791,37.92179,9.739082,14132.563392349997,42.504638321499996,10.916050059699998,WI,2.6,Surface
USGS-442405087414401,2020.0,48463.615,87.93978,22.78431,54320.44287274999,98.567302413,25.5377938635,WI,2.6,Surface
USGS-442405087414401,2021.0,88.24,5.28526,0.48385,98.90380399999998,5.923983670999999,0.5423232725,WI,2.6,Surface
USGS-442405087414401,2022.0,109.05760000000001,11.304030000000001,4.18867,122.23721096,12.6701220255,4.6948707695,WI,2.6,Surface
USGS-442405087414401,2023.0,33.0234,1.4687000000000001,0.24297000000000002,37.01427789,1.646192395,0.2723329245,WI,2.6,Surface
USGS-442916087362600,2003.0,3.21,0.014249999999999999,0.0052,3.5979284999999996,0.015972112499999996,0.005828419999999999,WI,22.1,Surface
USGS-442916087362600,2004.0,129.52110000000002,5.08525,0.350836,145.173724935,5.6998024625,0.39323453059999997,WI,22.1,Surface
USGS-442916087362600,2005.0,92.473,3.6689,0.23101,103.64836204999999,4.112286565,0.2589275585,WI,22.1,Surface
USGS-442916087362600,2006.0,1805.507,15.867,2.63659,2023.7025209499998,17.78452695,2.9552219015,WI,22.1,Surface
USGS-442944087354100,2003.0,1.05,0.00725,0.00507,1.1768925,0.008126162499999999,0.005682709499999999,WI,20.5,Surface
USGS-442944087354100,2004.0,163.97183,4.533955,1.4621243,183.7878256555,5.0818834617499995,1.6388220216549998,WI,20.5,Surface
USGS-442944087354100,2005.0,16.1851,19.34791,1.4694479999999999,18.141069334999997,21.686104923499997,1.6470307907999997,WI,20.5,Surface
USGS-442944087354100,2006.0,1090.4877,10.67216,2.246137,1222.2731385449997,11.961890535999999,2.5175826564499997,WI,20.5,Surface
USGS-442944087354100,2007.0,215.5832,3.66551,0.532435,241.63642972,4.1084868834999995,0.5967797697499999,WI,20.5,Surface
USGS-442944087354100,2008.0,988.9239,14.3074,2.008114,1108.435353315,16.036449289999997,2.2507945768999997,WI,20.5,Surface
USGS-442944087354100,2009.0,0.882,0.00447,0.00179,0.9885896999999999,0.0050101995,0.0020063215,WI,20.5,Surface
USGS-442945087354100,2004.0,3.9770000000000003,1.934,0.16461,4.45762045,2.1677239,0.18450311849999998,WI,20.5,Tile
USGS-442945087354100,2005.0,103.44588,46.55411,1.3034780000000001,115.94731459799999,52.180174193499994,1.4610033163,WI,20.5,Tile
USGS-442945087354100,2006.0,207.556144,85.597656,1.0369161,232.63930400239997,95.9421327276,1.162227410685,WI,20.5,Tile
USGS-442945087354100,2007.0,167.858655,46.6174,0.424443,188.14437345674997,52.25111279,0.47573693655,WI,20.5,Tile
USGS-442945087354100,2008.0,396.935174,128.2119,1.149442,444.90478977789996,143.706308115,1.2883520657,WI,20.5,Tile
USGS-442945087354100,2009.0,207.37269999999998,72.19709999999999,0.61426,232.43369079499996,80.92211953499998,0.6884933209999999,WI,20.5,Tile
USGS-443012087362500,2003.0,2.23,0.0175,0.00538,2.4994954999999996,0.019614875,0.006030173,WI,13.2,Surface
USGS-443012087362500,2004.0,115.82137,6.88956,0.6644723,129.81838256449998,7.7221633259999996,0.744773777455,WI,13.2,Surface
USGS-443012087362500,2005.0,64.41523,5.764189,1.021394,72.19981054549999,6.46079124065,1.1448294648999997,WI,13.2,Surface
USGS-443012087362500,2006.0,2589.3773,30.65801,4.240401,2902.303546705,34.363030508499996,4.75285346085,WI,13.2,Surface
USGS-443012087362500,2007.0,430.3526,8.39306,1.7137820000000001,482.36071171,9.407361301,1.9208925547,WI,13.2,Surface
USGS-443012087362500,2008.0,507.7889,14.5214,1.25952,569.155188565,16.276311189999998,1.411732992,WI,13.2,Surface
USGS-443012087362500,2009.0,8.39,0.0572,0.0227,9.4039315,0.06411262,0.025443294999999998,WI,13.2,Surface
USGS-443014087362500,2004.0,1.2730000000000001,0.31079999999999997,0.03687,1.42684205,0.3483601799999999,0.04132573949999999,WI,13.2,Tile
USGS-443014087362500,2005.0,40.115307,9.479861,0.1995914,44.96324185095,10.625502201849999,0.22371202068999999,WI,13.2,Tile
USGS-443014087362500,2006.0,448.49702099999996,82.193494,1.3361049,502.69788598784993,92.1265777499,1.4975731771649998,WI,13.2,Tile
USGS-443014087362500,2007.0,31.653626,15.430896,0.29407288,35.478966702099996,17.2957197816,0.32961158754799996,WI,13.2,Tile
USGS-443014087362500,2008.0,478.17178,71.5346,1.370096,535.958839613,80.17955640999999,1.5356721016,WI,13.2,Tile
USGS-443014087362500,2009.0,32.8915,52.306,0.34785,36.866437774999994,58.62718009999999,0.38988767249999995,WI,13.2,Tile
USGS-444037087265601,2017.0,1.774,3.0326,0.00721,1.9883878999999998,3.3990897099999997,0.0080813285,WI,19.4,Tile
USGS-444037087265601,2018.0,26.4944,20.5888,0.2075225,29.696248239999996,23.076956479999996,0.23260159412499998,WI,19.4,Tile
USGS-444037087265601,2019.0,59.4005,32.6883,0.254437,66.57905042499999,36.63868105499999,0.28518571145,WI,19.4,Tile
USGS-444037087265601,2020.0,48.3469,11.3303,0.13269,54.18962286499999,12.699566754999998,0.14872558649999998,WI,19.4,Tile
USGS-445014088183601,2018.0,0.7677625,6.7353209,0.017012779999999998,0.8605465981249999,7.549284430764999,0.019068774462999996,WI,37.3,Tile
USGS-445014088183601,2019.0,3.4228833,6.927986,0.038981884,3.8365387468049996,7.7652331080999994,0.0436928446814,WI,37.3,Tile
USGS-445014088183601,2020.0,1.2138660000000001,3.86478,0.015032574,1.3605617061,4.331838663,0.0168492605679,WI,37.3,Tile
USGS-445537090022401,2021.0,0.4328,0.25227,0.06466000000000001,0.48510388,0.2827568295,0.07247416100000001,WI,5.6,Surface
USGS-445537090022401,2022.0,11.181257,6.2834,1.7146068,12.53251190845,7.0427488899999995,1.9218170317799999,WI,5.6,Surface
USGS-445537090022401,2023.0,7.36862,5.1803799999999995,0.873778,8.259117727,5.806428922999999,0.9793740713,WI,5.6,Surface
USGS-450115092180101,2010.0,0.33999999999999997,0.1184,0.012580000000000001,0.38108899999999996,0.13270864,0.014100293,WI,6.7,Surface
USGS-450115092180101,2011.0,4665.599,41.2829,4.6765099999999995,5229.43663915,46.27193846499999,5.241666233499999,WI,6.7,Surface
USGS-450115092180101,2012.0,6284.4075,18.9561,5.507998000000001,7043.878146374999,21.246944685,6.1736395583000006,WI,6.7,Surface
USGS-450115092180101,2013.0,57.4334,7.77753,2.66128,64.37422638999999,8.7174445005,2.9828956879999997,WI,6.7,Surface
USGS-450115092180101,2014.0,62.1172,16.35738,3.322534,69.62406361999999,18.334169372999998,3.7240622339,WI,6.7,Surface
USGS-450115092180101,2015.0,136.87560000000002,35.6849,1.007438,153.41701626,39.997420164999994,1.1291868823,WI,6.7,Surface
USGS-450115092180101,2016.0,125.44739999999999,16.6996,0.671711,140.60771828999998,18.71774666,0.7528872743499999,WI,6.7,Surface
USGS-450115092180101,2017.0,2824.3219,12.7383,2.786358,3165.6412016149998,14.277723555,3.1230893642999997,WI,6.7,Surface
USGS-450157090060701,2021.0,22.553,0.5863,0.1463,25.278530049999997,0.657154355,0.163980355,WI,7.7,Surface
USGS-450157090060701,2022.0,128.82921,11.296757,1.4042816,144.39822002849996,12.661970083449999,1.5739890313599998,WI,7.7,Surface
USGS-450437092181901,2014.0,21.878700000000002,0.991461,0.583983,24.522740895000002,1.11127906185,0.65455734555,WI,16.1,Surface
USGS-450437092181901,2015.0,3.3125,0.24621,0.133301,3.7128156249999997,0.2759644785,0.14941042585,WI,16.1,Surface
USGS-450437092181901,2016.0,0.4666,0.02772,0.011125,0.52298861,0.031069962,0.012469456249999998,WI,16.1,Surface
USGS-450437092181901,2017.0,15.142196,0.38337610000000005,0.17914180000000002,16.9721303866,0.42970710168500004,0.20079108653,WI,16.1,Surface
USGS-450456092225801,2010.0,0.0163,0.0035,0.00128,0.018269854999999998,0.0039229749999999996,0.001434688,WI,42.1,Surface
USGS-450456092225801,2011.0,181.44451,3.347813,0.7507597,203.3720790335,3.7523962010499994,0.841489009745,WI,42.1,Surface
USGS-450456092225801,2012.0,180.37638,3.261875,0.685496,202.174865523,3.6560725937499994,0.7683381915999999,WI,42.1,Surface
USGS-450456092225801,2013.0,892.807266,17.292199999999998,2.517258,1000.7030240961,19.381962369999997,2.8214686292999995,WI,42.1,Surface
USGS-450456092225801,2014.0,1141.335314,6.1117944,1.4383423499999999,1279.2656866968998,6.850404753239999,1.6121660229974997,WI,42.1,Surface
USGS-450456092225801,2015.0,799.33308,7.463514000000001,1.612334,895.932482718,8.3654796669,1.8071845638999997,WI,42.1,Surface
USGS-450456092225801,2016.0,27.02505,0.55856,0.203129,30.291027292499997,0.6260619759999999,0.22767713964999997,WI,42.1,Surface
USGS-450456092225801,2017.0,146.13004,2.448391,0.6811429999999999,163.78985533399998,2.7442790523499996,0.7634591315499999,WI,42.1,Surface
USGS-450615091444001,2010.0,1.24194,0.17550900000000003,0.0081597,1.392028449,0.19671926265,0.009145799745,WI,1.3,Surface
USGS-450615091444001,2011.0,0.69721,0.43032000000000004,0.013672,0.7814678285,0.482324172,0.015324261199999998,WI,1.3,Surface
USGS-450615091444001,2012.0,7.2196,2.13706,0.094551,8.09208866,2.3953237009999997,0.10597748834999998,WI,1.3,Surface
USGS-450618091444001,2010.0,0.553,0.08,0.00645,0.61983005,0.089668,0.0072294824999999995,WI,3.8,Surface
USGS-450618091444001,2011.0,1.047109,1.0825,0.0417449,1.17365212265,1.2133201249999999,0.046789771165,WI,3.8,Surface
USGS-450618091444001,2012.0,6.0106,1.23178,0.071744,6.736981009999999,1.380640613,0.08041426239999999,WI,3.8,Surface
USGS-450654091441501,2011.0,2.2675,0.4376,0.16703,2.541527375,0.49048395999999994,0.1872155755,WI,1.6,Surface
USGS-450654091441501,2012.0,8.258750000000001,2.8521600000000005,0.434554,9.2568199375,3.1968435360000003,0.48706985089999993,WI,1.6,Surface
USGS-450659091441401,2011.0,0.5871999999999999,0.061630000000000004,0.02685,0.6581631199999999,0.0690779855,0.030094822499999997,WI,0.7,Surface
USGS-450659091441401,2012.0,8.4888,2.4450000000000003,0.41859,9.514671479999999,2.7404782500000002,0.46917660149999996,WI,0.7,Surface
USGS-451021089064901,2018.0,0.0169,0.0136,0.00338,0.018942364999999996,0.015243559999999998,0.0037884729999999997,WI,22.2,Surface
USGS-451021089064901,2019.0,67.9785,4.421837,1.122175,76.193701725,4.95621600145,1.2577898487499999,WI,22.2,Surface
USGS-451021089064901,2020.0,176.305,1.581523,1.050901,197.61145925,1.77265005455,1.17790238585,WI,22.2,Surface
USGS-451021089064901,2021.0,0.447,0.0241,0.0116,0.50101995,0.027012484999999996,0.013001859999999999,WI,22.2,Surface
USGS-451021089064901,2022.0,8.90263,1.9962239999999998,0.510115,9.9785128355,2.2374676703999996,0.5717623977499999,WI,22.2,Surface
USGS-451021089064901,2023.0,21.051159999999996,5.478905999999999,0.9889199999999999,23.595192685999994,6.141031790099999,1.1084309819999998,WI,22.2,Surface
USGS-451207089041801,2018.0,2.7362140000000004,0.08645699999999999,0.0362151,3.0668854619,0.09690532844999998,0.040591694835,WI,56.2,Surface
USGS-451207089041801,2019.0,700.11726,10.1480339,3.08085444,784.7264308709999,11.374423796814998,3.4531756990739995,WI,56.2,Surface
USGS-451207089041801,2020.0,8.63889,0.603585,0.2161686,9.682899856499999,0.6765282472499999,0.24229257530999995,WI,56.2,Surface
USGS-451207089041801,2021.0,281.56,4.69053,1.02752,315.586526,5.2573805505,1.151695792,WI,56.2,Surface
USGS-451207089041801,2022.0,2873.37,16.95955,7.42021,3220.6167644999996,19.009111617499997,8.316942378499999,WI,56.2,Surface
USGS-451207089041801,2023.0,80.0047,8.78777,1.1045217,89.67326799499999,9.849772004499998,1.238003147445,WI,56.2,Surface
USGS-451337089035401,2021.0,10485.7754,20.702238,13.123693,11752.981357089999,23.2041034623,14.709691299049998,WI,22.4,Surface
USGS-451337089035401,2022.0,2715.9759,11.41651,5.195968,3044.2015875149996,12.796195233499999,5.823900732799999,WI,22.4,Surface
USGS-451337089035401,2023.0,367.9255,10.446629999999999,2.255148,412.38929667499997,11.709105235499997,2.5276826357999997,WI,22.4,Surface
